{
  "severity": 25,
  "gamma_th": 0.002,
  "eta_deposit": 0.7722011688670057,
  "eta_offtarget": 0.21368282009464257,
  "eta_remaining": 0.014116011038351695,
  "release_fraction": 0.20243738724363208,
  "target_absorbed": 2.8138029669344764,
  "off_target_absorbed": 0.7786330523785894,
  "payload_released": 3.6438729703853774,
  "payload_remaining": 14.356127029614655,
  "t_50_deposit": 91606.0,
  "walltime_s": 4513.744975090027,
  "_format_version": 1,
  "_n_steps": 200000
}